Type,Name,Request Count,Failure Count,Median Response Time,Average Response Time,Min Response Time,Max Response Time,Average Content Size,Requests/s,Failures/s,50%,66%,75%,80%,90%,95%,98%,99%,99.9%,99.99%,100%
POST,cart:add,772,0,150.0,150.8885665212811,92.80617535114288,496.56299874186516,22108.365284974094,2.5775341288141003,0.0,150,160,170,170,180,190,200,240,500,500,500
POST,cart:checkout,350,350,3,3.0628651486975804,2.0186826586723328,5.309894680976868,3909.0,1.1685711723898122,1.1685711723898122,3,3,3,4,4,4,5,5,5,5,5
GET,cart:view,1106,0,130.0,128.82519106483375,68.17014515399933,314.82817977666855,21070.82007233273,3.6926849047518067,0.0,130,140,150,150,160,170,180,180,300,310,310
GET,index,398,0,140.0,214.28464768669713,121.37291207909584,837.6563526690006,10577.095477386934,1.3288323617461295,0.0,140,150,150,150,650,760,770,770,840,840,840
GET,product,3789,0,63,66.57868963325832,56.89341574907303,497.54413589835167,8040.243072050673,12.650617634814282,0.0,63,64,65,66,68,71,81,120,480,500,500
POST,setCurrency,767,0,140.0,144.64162312924006,122.99402058124542,652.558084577322,10589.015645371577,2.5608402549228173,0.0,140,150,150,150,150,160,170,190,650,650,650
,Aggregated,7182,350,67,98.65367686076686,2.0186826586723328,837.6563526690006,11770.547897521581,23.979080457438947,1.1685711723898122,67,130,140,140,150,170,190,380,770,840,840
